{"epsilons": [0.1, 0.05, 0.02], "ic_types": ["fourier", "gmm", "piecewise"], "n_train": 400, "n_test": 100, "base_seed": 42, "time_scaling": {}, "train_time": [0.0, 0.019304948921311404, 0.03935525994833178, 0.06017971143581813, 0.081808192867865, 0.10427174775849435, 0.12760261820863295, 0.15183429118343084, 0.1770015465763416, 0.20314050712895182, 0.23028869027821075, 0.2584850620054753, 0.28777009276466214, 0.3181858155697793, 0.3497758863252115, 0.3825856464853523, 0.41666218813351696, 0.45205442157354714, 0.4888131455311192, 0.5269911200655182, 0.5666431422965288, 0.607826125055132, 0.6505991785708993, 0.6950236953133275, 0.7411634381088887, 0.7890846316602715, 0.8388560575991697, 0.8905491532090504, 0.9442381139595974, 1.0], "test_time": [0.0, 0.25, 0.5, 0.75, 1.0], "OOD_epsilons": [0.1, 0.05, 0.02]}